{
  "Keyword news": {
    "Virat Kohli": [
      {
        "title": "IPL 2024: Virat Kohli reacts to Mohammad Kaif’s umpiring critique post involving MS Dhoni after facing penalty",
        "description": "Virat Kohli responded to Mohammed Kaif's social media post regarding the umpiring decision that led to his dismissal. Kohli got out in a controversial manner during the KKR vs RCB IPL 2024 match.",
        "content": "It’s not uncommon for players to voice their frustration over contentious umpiring decisions, especially in the heat of the moment. Virat Kohli, a prominent figure in cricket, responded to former Indian cricketer Mohammed Kaif’s social media post reg... [2698 chars]",
        "url": "https://crickettimes.com/2024/04/ipl-2024-virat-kohli-reacts-to-mohammad-kaifs-umpiring-critique-post-involving-ms-dhoni-after-facing-penalty/",
        "image": "https://crickettimes.com/wp-content/uploads/2024/04/Virat-Kohli-Mohammad-Kaif-MS-Dhoni.webp",
        "publishedAt": "2024-04-23T08:40:18Z",
        "source": {
          "name": "The Cricket Times",
          "url": "https://crickettimes.com"
        }
      },
      {
        "title": "Aaron Finch picks Virat Kohli’s batting position for the T20 World Cup 2024",
        "description": "Aaron Finch weighed in on India's batting order for the upcoming T20 World Cup. Finch revealed where exactly should Virat Kohli bat for Team India.",
        "content": "Former Australian captain Aaron Finch has weighed in on India’s batting order for the upcoming T20 World Cup. Finch has also shared his perspective on India’s batting strategy ahead of the highly anticipated event. With the tournament looming on the ... [1873 chars]",
        "url": "https://crickettimes.com/2024/04/aaron-finch-picks-virat-kohlis-batting-position-for-the-t20-world-cup-2024/",
        "image": "https://crickettimes.com/wp-content/uploads/2024/04/Aaron-Finch-on-Virat-Kohlis-batting-position-for-T20-World-Cup-2024.webp",
        "publishedAt": "2024-04-23T06:59:04Z",
        "source": {
          "name": "The Cricket Times",
          "url": "https://crickettimes.com"
        }
      },
      {
        "title": "IPL 2024: Sourav Ganguly comes up with a huge “40-ball hundred” praise for Virat Kohli",
        "description": "Sourav Ganguly opened up on the potential of Virat Kohli. Virat Kohli is the orange cap holder of IPL 2024.",
        "content": "Virat Kohli currently holds the orange cap in the 17th season of the Indian Premier League (IPL). Over his last 8 innings, Kohli has amassed 379 runs at a strike rate of 150, including a century. In the recent match between Kolkata Knight Riders (KKR... [1843 chars]",
        "url": "https://crickettimes.com/2024/04/ipl-2024-sourav-ganguly-comes-up-with-a-huge-40-ball-hundred-praise-for-virat-kohli/",
        "image": "https://crickettimes.com/wp-content/uploads/2024/04/Virat-Kohli-Sourav-Ganguly.jpg",
        "publishedAt": "2024-04-22T17:12:57Z",
        "source": {
          "name": "The Cricket Times",
          "url": "https://crickettimes.com"
        }
      },
      {
        "title": "IPL 2024: Rajat Patidar reminisces about Virat Kohli’s message upon RCB inclusion",
        "description": "Rajat Patidar recalled receiving a message from Virat Kohli after his selection in Royal Challengers Bengaluru. Patidar has successfully regained his form after struggling initially in IPL 2024.",
        "content": "Rajat Patidar has emerged as a crucial middle-order batter for the Royal Challengers Bengaluru (RCB) in the ongoing 17th season of the Indian Premier League (IPL) 2024. Despite a challenging season for RCB, having lost seven out of eight matches thus... [1902 chars]",
        "url": "https://crickettimes.com/2024/04/ipl-2024-rajat-patidar-reminisces-about-virat-kohlis-message-upon-rcb-inclusion/",
        "image": "https://crickettimes.com/wp-content/uploads/2024/04/Rajat-Patidar-on-Virat-Kohli.webp",
        "publishedAt": "2024-04-22T14:01:34Z",
        "source": {
          "name": "The Cricket Times",
          "url": "https://crickettimes.com"
        }
      },
      {
        "title": "IPL 2024: AB de Villiers shares his opinion on Virat Kohli’s controversial dismissal against KKR",
        "description": "Virat Kohli was given out in a controversial way during KKR vs RCB match in IPL 2024. Kolkata Knight Riders defeated Royal Challengers Bengaluru by one run in the game.",
        "content": "In the 36th match of the Indian Premier League (IPL) 2024, held at Eden Gardens, Kolkata Knight Riders (KKR) faced off against Royal Challengers Bengaluru (RCB). KKR, who were asked to bat first, posted a formidable total of 222 for 6. Phil Salt’s bl... [3428 chars]",
        "url": "https://crickettimes.com/2024/04/ipl-2024-ab-de-villiers-shares-his-opinion-on-virat-kohlis-controversial-dismissal-against-kkr/",
        "image": "https://crickettimes.com/wp-content/uploads/2024/04/AB-de-Villiers-speaks-on-Virat-Kohlis-wicket.webp",
        "publishedAt": "2024-04-22T08:15:43Z",
        "source": {
          "name": "The Cricket Times",
          "url": "https://crickettimes.com"
        }
      },
      {
        "title": "IPL 2024: Here’s why Virat Kohli’s dismissal against KKR wasn’t given a no-ball",
        "description": "Virat Kohli was given out in a controversial decision during KKR vs RCB clash at IPL 2024. RCB suffered their 6th consecutive defeat in the 17th season of the cash-rich league",
        "content": "Tensions escalated at Eden Gardens during the clash between the Kolkata Knight Riders (KKR) and the Royal Challengers Bengaluru (RCB) in Indian Premier League (IPL) 2024 as Virat Kohli, the former captain of RCB, expressed strong discontent towards t... [1776 chars]",
        "url": "https://crickettimes.com/2024/04/ipl-2024-heres-why-virat-kohlis-dismissal-against-kkr-wasnt-given-a-no-ball/",
        "image": "https://crickettimes.com/wp-content/uploads/2024/04/Virat-Kohlis-Controversial-Decision-2.webp",
        "publishedAt": "2024-04-22T07:01:09Z",
        "source": {
          "name": "The Cricket Times",
          "url": "https://crickettimes.com"
        }
      },
      {
        "title": "IPL 2024: Navjot Singh Sidhu gives his clear verdict on Virat Kohli’s controversial dismissal during KKR vs RCB clash",
        "description": "Navjot Singh Sidhu reacted on Virat Kohli’s eye-brow raising dismissal in KKR vs RCB IPL 2024 match. KKR clinched a thrilling victory by just 1 wicket in a match that kept viewers on the edge of their seats.",
        "content": "The clash between Kolkata Knight Riders (KKR) and Royal Challengers Bengaluru (RCB) in the Indian Premier League (IPL) 2024 gripped fans with its intense action. Ultimately, KKR clinched a thrilling victory by just 1 wicket in a match that kept viewe... [2161 chars]",
        "url": "https://crickettimes.com/2024/04/ipl-2024-navjot-singh-sidhu-gives-his-clear-verdict-on-virat-kohlis-controversial-dismissal-during-kkr-vs-rcb-clash/",
        "image": "https://crickettimes.com/wp-content/uploads/2024/04/Navjot-Singh-Sidhu-on-Virat-Kohlis-dismissal.webp",
        "publishedAt": "2024-04-22T04:57:39Z",
        "source": {
          "name": "The Cricket Times",
          "url": "https://crickettimes.com"
        }
      },
      {
        "title": "WATCH: Virat Kohli livid with umpires over his controversial dismissal in KKR vs RCB clash | IPL 2024",
        "description": "Virat Kohli was seething with anger following his unconventional dismissal in the KKR vs RCB match at IPL 2024. Kohli even indulged in a heated exchange with the on-field umpires following his dismissal.",
        "content": "Tempers flared at the Eden Gardens during the Kolkata Knight Riders (KKR) versus Royal Challengers Bengaluru (RCB) clash as Virat Kohli, the former captain of RCB, unleashed a tirade against the umpires following a contentious dismissal in Sunday’s m... [1549 chars]",
        "url": "https://crickettimes.com/2024/04/watch-virat-kohli-livid-with-umpires-over-his-controversial-dismissal-in-kkr-vs-rcb-clash-ipl-2024/",
        "image": "https://crickettimes.com/wp-content/uploads/2024/04/RCBs-Virat-Kohli-gets-angry-after-his-dismissal-in-IPL-2024.webp",
        "publishedAt": "2024-04-21T13:35:36Z",
        "source": {
          "name": "The Cricket Times",
          "url": "https://crickettimes.com"
        }
      },
      {
        "title": "WATCH: Virat Kohli fumes as Rinku Singh requests second bat after breaking first ahead of KKR vs RCB clash | IPL 2024",
        "description": "KKR batter Rinku Singh shared a poignant moment with RCB legendary cricketer, Virat Kohli. KKR will face RCB in Match 36 of the IPL 2024 on Sunday.",
        "content": "Ahead of their highly anticipated Indian Premier League (IPL) 2024 clash at Kolkata’s Eden Gardens Stadium on Sunday (April 21), Kolkata Knight Riders’ (KKR) batter, Rinku Singh, shared a poignant moment with Royal Challengers Bangalore’s (RCB) legen... [2233 chars]",
        "url": "https://crickettimes.com/2024/04/watch-virat-kohli-fumes-as-rinku-singh-requests-second-bat-after-breaking-first-ahead-of-kkr-vs-rcb-clash-ipl-2024/",
        "image": "https://crickettimes.com/wp-content/uploads/2024/04/Virat-Kohlis-reaction-to-Rinku-Singhs-request-for-a-second-bat-after-breaking-the-first.webp",
        "publishedAt": "2024-04-21T09:38:47Z",
        "source": {
          "name": "The Cricket Times",
          "url": "https://crickettimes.com"
        }
      },
      {
        "title": "WATCH: Virat Kohli’s cheeky ‘your wife’ comment to Dinesh Karthik draws laughter",
        "description": "Virat Kohli's witty remark during a promotional shoot left RCB teammates in stitches, showcasing the camaraderie within the team. Dinesh Karthik has stole the spotlight with his stellar performances for RCB in IPL 2024.",
        "content": "The camaraderie between Royal Challengers Bengaluru (RCB) teammates was on display during a recent promotional shoot for sportswear Puma India. A lighthearted segment turned into a laugh riot when star batter Virat Kohli, known not just for his pheno... [1981 chars]",
        "url": "https://crickettimes.com/2024/04/watch-virat-kohlis-cheeky-your-wife-comment-to-dinesh-karthik-draws-laughter/",
        "image": "https://crickettimes.com/wp-content/uploads/2024/04/Virat-Kohlis-Your-Wife-remark-1.webp",
        "publishedAt": "2024-04-20T08:49:38Z",
        "source": {
          "name": "The Cricket Times",
          "url": "https://crickettimes.com"
        }
      }
    ],
    "Dhoni": [
      {
        "title": "IPL 2024: LSG comes up with an amusing post after breaching MS Dhoni’s fortress Chepauk",
        "description": "LSG edged past CSK in a nail-biting match at IPL 2024. Marcus Stoinis smashed his first IPL century helping LSG to breach the fortress Chepauk.",
        "content": "In the 39th match of the Indian Premier League (IPL) 2024, the Lucknow Super Giants (LSG) emerged victorious in a thrilling match against the Chennai Super Kings (CSK) by 6 wickets. Marcus Stoinis played a heroic innings, single-handedly snatching th... [1976 chars]",
        "url": "https://crickettimes.com/2024/04/ipl-2024-lsg-comes-up-with-an-amusing-post-after-breaching-ms-dhonis-fortress-chepauk/",
        "image": "https://crickettimes.com/wp-content/uploads/2024/04/MS-finishes-off-in-style.webp",
        "publishedAt": "2024-04-24T06:52:43Z",
        "source": {
          "name": "The Cricket Times",
          "url": "https://crickettimes.com"
        }
      },
      {
        "title": "IPL 2024 [WATCH]: MS Dhoni shows frustration at the cameraman; threatens to throw a water bottle from dressing room",
        "description": "MS Dhoni expressed frustration towards the cameraman from the dressing room during the CSK vs LSG IPL 2024 match. Dhoni was appeared to throw a bottle once his visuals were displayed on the big screen.",
        "content": "In a recent Indian Premier League (IPL) 2024 clash between Chennai Super Kings (CSK) and Lucknow Super Giants (LSG), MS Dhoni‘s frustration towards an IPL cameraman surfaced amidst an impressive display by his team’s batters, Ruturaj Gaikwad and Shiv... [2112 chars]",
        "url": "https://crickettimes.com/2024/04/ipl-2024-watch-ms-dhoni-shows-frustration-at-the-cameraman-threatens-to-throw-a-water-bottle-from-dressing-room/",
        "image": "https://crickettimes.com/wp-content/uploads/2024/04/MS-Dhoni-gets-agitated-by-cameraman-from-the-dressing-room-threatens-to-chuck-a-water-bottle.webp",
        "publishedAt": "2024-04-24T05:32:34Z",
        "source": {
          "name": "The Cricket Times",
          "url": "https://crickettimes.com"
        }
      },
      {
        "title": "IPL 2024: Virat Kohli reacts to Mohammad Kaif’s umpiring critique post involving MS Dhoni after facing penalty",
        "description": "Virat Kohli responded to Mohammed Kaif's social media post regarding the umpiring decision that led to his dismissal. Kohli got out in a controversial manner during the KKR vs RCB IPL 2024 match.",
        "content": "It’s not uncommon for players to voice their frustration over contentious umpiring decisions, especially in the heat of the moment. Virat Kohli, a prominent figure in cricket, responded to former Indian cricketer Mohammed Kaif’s social media post reg... [2698 chars]",
        "url": "https://crickettimes.com/2024/04/ipl-2024-virat-kohli-reacts-to-mohammad-kaifs-umpiring-critique-post-involving-ms-dhoni-after-facing-penalty/",
        "image": "https://crickettimes.com/wp-content/uploads/2024/04/Virat-Kohli-Mohammad-Kaif-MS-Dhoni.webp",
        "publishedAt": "2024-04-23T08:40:18Z",
        "source": {
          "name": "The Cricket Times",
          "url": "https://crickettimes.com"
        }
      },
      {
        "title": "“Not sure I’ve ever heard anything like that”: Mitchell Starc in complete awe of MS Dhoni’s enormous popularity | IPL 2024",
        "description": "Mitchell Starc was blown away after seeing the deafening roar that engulfed upon MS Dhoni's arrival in Chennai. Starc admitted that he has never seen anything like that in any sports.",
        "content": "In the latest revelation from the Indian Premier League (IPL) 2024, Kolkata Knight Riders (KKR) fast bowler Mitchell Starc has expressed his astonishment at the unwavering craze surrounding Chennai Super Kings (CSK) veteran wicketkeeper-batter, Mahen... [2096 chars]",
        "url": "https://crickettimes.com/2024/04/not-sure-ive-ever-heard-anything-like-that-mitchell-starc-in-complete-awe-of-ms-dhonis-enormous-popularity-ipl-2024/",
        "image": "https://crickettimes.com/wp-content/uploads/2024/04/Mitchell-Starc-on-MS-Dhonis-massive-fan-following-IPL-2024.webp",
        "publishedAt": "2024-04-21T06:30:04Z",
        "source": {
          "name": "The Cricket Times",
          "url": "https://crickettimes.com"
        }
      },
      {
        "title": "Rohit Sharma makes a big statement on MS Dhoni ahead of T20 World Cup 2024",
        "description": "Rohit Sharma opened up about MS Dhoni's inclusion in India's T20 World Cup squad. Dhoni has shown his vintage avatar in the ongoing season of IPLT20.",
        "content": "The stage is set for the ICC Men’s T20 World Cup 2024, co-hosted by the United States and the West Indies. Anticipation is rising as teams diligently prepare for the global tournament. Strategic discussions and meetings are taking place as teams fina... [1632 chars]",
        "url": "https://crickettimes.com/2024/04/rohit-sharma-makes-a-big-statement-on-ms-dhoni-ahead-of-t20-world-cup-2024/",
        "image": "https://crickettimes.com/wp-content/uploads/2024/04/Rohit-Sharma-on-MS-Dhoni.webp",
        "publishedAt": "2024-04-18T12:30:37Z",
        "source": {
          "name": "The Cricket Times",
          "url": "https://crickettimes.com"
        }
      },
      {
        "title": "Will MS Dhoni play IPL 2025? Former CSK teammate Suresh Raina gives a straightforward response",
        "description": "Suresh Raina reacted on MS Dhoni’s chances of playing in the IPL 2025. Dhoni passed the captaincy baton to Ruturaj Gaikwad before the start of the ongoing 17th season.",
        "content": "The thought of MS Dhoni gracing the cricket field in Indian Premier League (IPL) 2025 is a thrilling prospect for fans worldwide! As the heart and soul of the Chennai Super Kings (CSK), Dhoni’s presence brings a unique energy and confidence to the te... [1636 chars]",
        "url": "https://crickettimes.com/2024/04/will-ms-dhoni-play-ipl-2025-former-csk-teammate-suresh-raina-gives-a-straightforward-response/",
        "image": "https://crickettimes.com/wp-content/uploads/2024/04/Suresh-Raina-on-MS-Dhonis-future-in-IPL-1260x657.webp",
        "publishedAt": "2024-04-18T06:30:05Z",
        "source": {
          "name": "The Cricket Times",
          "url": "https://crickettimes.com"
        }
      },
      {
        "title": "IPL 2024: Suresh Raina lends a helping hand to limping MS Dhoni; video goes viral",
        "description": "A clip of Suresh Raina lending a helping hand to limping MS Dhoni has gone viral on the internet. Dhoni played a cameo of 20 runs in CSK's 20-run victory over MI.",
        "content": "MS Dhoni, the name synonymous with last-over heroics, defied Father Time yet again in the 29th match of the IPL 2024 against Mumbai Indians (MI) at the Wankhede Stadium on Sunday.\nThe 42-year-old former Chennai Super Kings (CSK) skipper, playing his ... [1331 chars]",
        "url": "https://crickettimes.com/2024/04/ipl-2024-suresh-raina-lends-a-helping-hand-to-limping-ms-dhoni-video-goes-viral/",
        "image": "https://crickettimes.com/wp-content/uploads/2024/04/Suresh-Raina-MS-Dhoni-1-1.webp",
        "publishedAt": "2024-04-16T09:22:02Z",
        "source": {
          "name": "The Cricket Times",
          "url": "https://crickettimes.com"
        }
      },
      {
        "title": "WATCH: MS Dhoni delights a young ‘super’ fan with match ball after his sparkling cameo | IPL 2024",
        "description": "CSK's MS Dhoni exhibited a gesture of kindness towards a young fan present at the Wankhede Stadium in IPL 2024. Dhoni played an impressive cameo of 20 runs off just 4 balls against Mumbai Indians.",
        "content": "In a truly heartwarming moment at the Wankhede Stadium, former Chennai Super Kings’ (CSK) skipper MS Dhoni exhibited a gesture of kindness and generosity towards a young fan present in the iconic Wankhede Stadium in Mumbai on Sunday (April 14).\nMS Dh... [2162 chars]",
        "url": "https://crickettimes.com/2024/04/watch-ms-dhoni-delights-a-young-super-fan-with-match-ball-after-his-sparkling-cameo-ipl-2024/",
        "image": "https://crickettimes.com/wp-content/uploads/2024/04/MS-Dhoni-generously-hands-a-match-ball-to-ta-young-admirer.webp",
        "publishedAt": "2024-04-15T10:40:36Z",
        "source": {
          "name": "The Cricket Times",
          "url": "https://crickettimes.com"
        }
      },
      {
        "title": "Sara Tendulkar reacts to MS Dhoni’s grand entry at Wankhede | IPL 2024",
        "description": "Chennai Super Kings wicketkeeper-batter MS Dhoni scored 20 runs off just 4 balls against Mumbai Indians. Dhoni received a grand reception from the Mumbai crowd at Wankhede.",
        "content": "MS Dhoni, once again, proved why he remains the most loved cricketer in India. The 42-year-old veteran smashed three consecutive sixes off Hardik Pandya in the final over, steering Chennai Super Kings (CSK) to a thrilling victory against Mumbai India... [1061 chars]",
        "url": "https://crickettimes.com/2024/04/sara-tendulkar-reacts-to-ms-dhonis-grand-entry-at-wankhede-ipl-2024/",
        "image": "https://crickettimes.com/wp-content/uploads/2024/04/Sara-Tendulkar-shares-an-instagram-story-featuring-MS-Dhoni.webp",
        "publishedAt": "2024-04-15T08:46:21Z",
        "source": {
          "name": "The Cricket Times",
          "url": "https://crickettimes.com"
        }
      },
      {
        "title": "MI vs CSK: Cricket fraternity erupts as MS Dhoni rewinds the clock by hitting Hardik Pandya for a hattrick of sixes | IPL 2024",
        "description": "MS Dhoni hit Hardik Pandya for three consecutive sixes during MI vs CSK clash at the Wankhede Stadium. Cricket fraternity went berserk after watching Dhoni's powerful hits against MI skipper Hardik Pandya.",
        "content": "The cricketing world erupted on Sunday night as MS Dhoni turned back the clock with a breathtaking display of power-hitting in the final over of Chennai Super Kings’ (CSK) clash against Mumbai Indians (MI) at the Wankhede Stadium.\nMS Dhoni steals the... [2372 chars]",
        "url": "https://crickettimes.com/2024/04/mi-vs-csk-cricket-fraternity-erupts-as-ms-dhoni-rewinds-the-clock-by-hitting-hardik-pandya-for-a-hattrick-of-sixes-ipl-2024/",
        "image": "https://crickettimes.com/wp-content/uploads/2024/04/MS-Dhoni-hattrick-of-sixes-against-MI-cricket-fraternity-reacts.webp",
        "publishedAt": "2024-04-15T06:41:02Z",
        "source": {
          "name": "The Cricket Times",
          "url": "https://crickettimes.com"
        }
      }
    ]
  }
}